datetime,Unnamed: 0,soil_moisture,454,914
2017-05-23 14:06:17,0,33.51,0.0821307072515667,0.1528445417748638
2017-05-23 14:08:17,1,33.49,0.079510139369201,0.1527147062304005
2017-05-23 14:10:17,2,33.46,0.0805985438111975,0.1523615240360426
2017-05-23 14:12:17,3,33.33,0.0780240693879821,0.15328143810356
2017-05-23 14:14:17,4,33.32,0.0799729842179957,0.1528026781996924
2017-05-23 14:16:17,5,33.23,0.0814739401306792,0.1526962978902661
2017-05-23 14:18:17,6,33.16,0.0790359896320161,0.1537459915848302
2017-05-23 14:20:17,7,33.05,0.0790917772168696,0.1533812293305964
2017-05-23 14:22:17,8,32.96,0.080288574920138,0.1523175069158245
2017-05-23 14:24:17,9,32.96,0.080708404130179,0.1538006432365116
2017-05-23 14:26:17,10,32.95,,0.15302417344343
2017-05-23 14:28:17,11,32.84,0.0811892380737056,0.1533430271988888
2017-05-23 14:30:17,12,32.85,0.0769573659193094,0.1534275416279623
2017-05-23 14:32:17,13,32.72,0.0803885773894901,0.1536454125822925
2017-05-23 14:34:17,14,32.78,0.0794686067754238,0.1551966951459956
2017-05-23 14:36:17,15,32.76,0.0796915370478788,0.1552128935170282
2017-05-23 14:38:17,16,32.74,0.0795026418430376,0.1559652977598958
2017-05-23 14:40:17,17,32.61,0.0817820095395398,0.1555049084860229
2017-05-23 14:42:17,18,32.66,0.0809136839177339,0.1547859877947891
2017-05-23 14:44:17,19,32.5,0.0811588230825366,0.1562776444149343
2017-05-23 14:46:17,20,32.46,0.0795378432685867,0.1563932316852666
2017-05-23 14:48:17,21,32.52,0.0784199646812413,0.1565245790889519
2017-05-23 14:50:17,22,32.52,0.0821091509055544,0.157750835058415
2017-05-23 14:52:17,23,32.4,0.0809022974737834,0.156272866206641
2017-05-23 14:54:17,24,32.48,0.081556607677197,0.158377744436768
2017-05-23 14:56:17,25,32.38,0.0805728335001278,0.1586722916917472
2017-05-23 14:58:17,26,32.38,0.081828681801275,0.1571572601386802
2017-05-23 15:00:17,27,32.27,0.0812458644484355,0.1583678026637122
2017-05-23 15:02:17,28,32.27,0.0818356620946032,0.1592622580902067
2017-05-23 15:04:17,29,32.13,0.0815871583487557,0.1593042018976311
2017-05-23 15:10:52,30,32.09,0.0798547474232888,0.1595986384216984
2017-05-23 15:14:15,31,31.97,0.0788412522239635,0.1572494222532292
2017-05-23 15:16:15,32,31.95,0.0805237000166422,0.1588856195334908
2017-05-23 15:18:15,33,31.96,0.0812924388523979,0.1574787515737102
2017-05-23 15:20:15,34,31.94,0.0793257650590977,0.1548729008292438
2017-05-23 15:22:15,35,31.92,0.0766254448398576,0.1584253972490444
2017-05-23 15:24:15,36,31.86,0.0808379032212798,0.1591388627526083
2017-05-23 15:26:15,37,31.89,0.077534418378192,0.1592827165984245
2017-05-23 15:28:15,38,31.84,0.083205780765392,0.158365811315846
2017-05-23 15:30:15,39,31.89,0.0661658723395301,0.1567260123216801
2017-05-23 15:32:15,40,31.8,0.0394138294138294,0.1588206292766008
2017-05-23 15:34:15,41,31.79,0.0400346906243701,0.1597175116171445
2017-05-23 15:36:15,42,31.73,0.0552000409552819,0.154339022461178
2017-05-23 15:38:15,43,31.71,0.0777415694072816,0.1590760991626782
2017-05-23 15:40:15,44,31.71,0.0667934532042415,0.1576468710089399
2017-05-23 15:42:15,45,31.76,0.0350411803344954,0.157808174118034
2017-05-23 15:48:15,48,31.73,0.0427133683364267,0.1594398604035319
2017-05-23 15:50:15,49,31.73,0.0536198173827987,0.1604853707781941
2017-05-23 15:52:15,50,5.0,0.0450590246873096,500.0
2017-05-23 15:54:15,51,31.72,0.0507925806299879,0.1601899408857447
2017-05-23 15:56:15,52,31.6,0.058667809398704,0.1615943503744708
2017-05-23 15:58:15,53,31.59,0.0719286470908615,0.163428248858313
2017-05-23 16:00:15,54,31.61,0.0733816841429892,0.1639732874173452
2017-05-23 16:02:15,55,31.63,0.0756801913471248,0.1636132584983585
2017-05-23 16:04:15,56,31.58,0.076252199119967,0.1630597014925373
2017-05-23 16:06:15,57,31.5,0.0797390352266249,0.164966777717806
2017-05-23 16:08:15,58,31.55,0.0804454273986041,0.1648185864071811
2017-05-23 16:10:15,59,31.5,0.0807806213261139,0.1651034212937699
2017-05-23 16:12:15,60,31.58,0.0546648372256431,0.1619678110287134
2017-05-23 10:38:26,61,42.25,0.1071737995022888,0.1765022521064363
2017-05-23 10:40:26,62,40.72,0.1108946947824867,0.1790031285551763
2017-05-23 10:42:26,63,40.39,0.112491293243557,0.1774067156267113
2017-05-23 10:44:26,64,40.11,0.1129441792189586,0.1779266322986039
2017-05-23 10:46:26,65,39.73,0.1152464918244742,0.1748868290579866
2017-05-23 10:48:26,66,39.68,0.1161565360143858,0.1753267914690227
2017-05-23 10:50:26,67,39.14,0.1172995047354244,0.1739807897545357
2017-05-23 10:52:26,68,38.8,0.117165996188863,0.1734262373858721
2017-05-23 10:54:26,69,39.06,0.1183726983883933,0.1729755462753286
2017-05-23 10:56:26,70,38.88,0.1189131953049316,0.1738631607082519
2017-05-23 10:58:26,71,38.78,0.1188848774947265,0.1716199918941094
2017-05-23 11:00:26,72,38.87,0.1214772633809563,0.172305392941711
2017-05-23 11:02:26,73,38.27,0.1191412724509932,0.171515992322165
2017-05-23 11:04:26,74,38.47,0.1201472549317044,0.170671488098089
2017-05-23 11:06:26,75,38.12,0.1213731212439297,0.1698892143006318
2017-05-23 11:08:26,76,38.32,0.1208763163857842,0.1695900835148005
2017-05-23 11:10:26,77,38.01,0.1199089334277522,0.1690587362019012
2017-05-23 11:12:26,78,38.17,0.1235772357723577,0.1693089503632394
2017-05-23 11:14:26,79,37.84,0.1221299439673906,0.1674284023279518
2017-05-23 11:16:26,80,37.89,0.1232426117965323,0.1680323970384001
2017-05-23 11:18:26,81,37.58,0.1271954121640073,0.1676421411895842
2017-05-23 11:20:26,82,37.64,0.126926929497881,0.1671613722998729
2017-05-23 11:22:26,83,37.58,0.1265365674808957,0.1662273594639361
2017-05-23 11:24:26,84,37.35,0.1274850523658248,0.1671261948014464
2017-05-23 11:26:26,85,37.22,0.1264480263751239,0.1670876299926655
2017-05-23 11:28:26,86,37.63,0.1264936093057701,0.1667880348146882
2017-05-23 11:30:26,87,37.16,0.1241129794649563,0.1654920366472399
2017-05-23 11:32:26,88,37.53,0.1235925999602148,0.1652935968873448
2017-05-23 11:34:26,89,37.01,0.1238120361326384,0.1649680855879645
2017-05-23 11:36:26,90,37.16,0.1258349288752393,0.1650495967185312
2017-05-16 16:19:51,91,27.84,0.1220187137769708,0.2087011271210933
2017-05-16 16:21:51,92,27.9,0.1215892878629011,0.2037679537110536
2017-05-16 16:23:51,93,27.91,0.1222620541315648,0.2023442258212869
2017-05-16 16:25:51,94,27.79,0.1232065390467428,0.2064007914760199
2017-05-16 16:27:51,95,27.83,0.126843581317635,0.2114982503631321
2017-05-16 16:29:51,96,27.79,0.1257212744606121,0.214081133709069
2017-05-16 16:31:51,97,27.83,0.1267787185643877,0.2136553196750618
2017-05-16 16:33:51,98,27.83,0.127048339530709,0.2142015245660111
2017-05-16 16:35:51,99,27.76,0.1278621374804172,0.2137829403606102
2017-05-16 16:37:51,100,27.68,0.1271316280053043,0.2141959704324831
2017-05-16 16:39:51,101,27.71,0.1263549514202467,0.214660588759789
2017-05-16 16:41:51,102,27.76,0.1286062583315793,0.2148324489350876
2017-05-16 16:43:51,103,27.69,0.1258732247414974,0.2141385431452076
2017-05-16 16:45:51,104,27.74,0.1274696428571428,0.2137561767662212
2017-05-16 16:47:51,105,27.59,0.1286732777610497,0.2144360034720507
2017-05-16 16:49:51,106,27.64,0.1291153086707712,0.2152231403184191
2017-05-16 16:51:51,107,27.67,0.1303793553707649,0.2153126191315997
2017-05-16 16:53:51,108,27.55,0.130775137456833,0.2158861748970898
2017-05-16 16:55:51,109,27.51,0.1299790778640513,0.216666485957056
2017-05-16 16:57:51,110,27.57,0.1310758287500626,0.2172486944573364
2017-05-16 16:59:51,111,27.52,0.1297546929301904,0.2166140788707
2017-05-16 17:01:51,112,27.62,0.128671634974674,0.2166603657238498
2017-05-16 17:03:51,113,27.37,0.1310275830693536,0.21561454379111
2017-05-16 17:05:51,114,27.45,0.1305539958423522,0.2158009322525693
2017-05-16 17:07:51,115,27.51,0.1318560367917459,0.2165540769909701
2017-05-16 17:09:51,116,27.4,0.1285036114332373,0.2184790382713231
2017-05-16 17:11:51,117,27.46,0.1316690256668033,0.2184475218658892
2017-05-16 17:13:51,118,27.46,0.1303924061361132,0.2186044229259356
2017-05-16 17:15:51,119,27.49,0.1319197105740974,0.2198486460874023
2017-05-16 17:17:51,120,27.32,0.1314405881362794,0.2182934146902165
2017-05-16 17:19:51,121,27.33,0.1331701249452607,0.2195981210855949
2017-05-16 17:21:51,122,27.33,0.1329817746668819,0.2199879070398588
2017-05-16 17:23:51,123,27.31,0.1315744745500382,0.2206819363235964
2017-05-23 11:46:42,124,36.67,0.0810577099868231,0.159433776913928
2017-05-23 11:48:13,125,36.95,0.0841588361824974,0.1584808071557542
2017-05-23 11:50:13,126,36.64,0.0811349903745219,0.1593715997268713
2017-05-23 11:52:13,127,36.96,0.0842906461521733,0.158645564345455
2017-05-23 11:54:13,128,36.75,0.0830952211847877,0.1592395939636854
2017-05-23 11:56:13,129,36.54,0.0828794286889025,0.1575852532566987
2017-05-23 11:58:13,130,36.7,0.0827154522023521,0.1579752807236431
2017-05-23 12:00:13,131,36.26,0.0787879416800705,0.157155412691751
2017-05-23 12:02:13,132,36.25,0.0806410358884182,0.1579168241141761
2017-05-23 12:04:13,133,36.55,0.0802942186248296,0.1572716960364792
2017-05-23 12:06:13,134,36.29,0.0798242437317963,0.1566809045439491
2017-05-23 12:08:13,135,36.18,0.0798782569120491,0.158061953251681
2017-05-23 12:10:13,136,36.16,0.0785683186632611,0.155549894434344
2017-05-23 12:12:13,137,35.92,0.0817158892006779,0.1569229547469988
2017-05-23 12:14:13,138,35.86,0.0813995001785076,0.1561840766852567
2017-05-23 12:16:13,139,36.02,0.0816258364719026,0.1575615756413118
2017-05-23 12:18:13,140,36.0,0.0822061038275078,0.1551783428538677
2017-05-23 12:20:13,141,35.97,0.0825967414855004,0.1555204693529223
2017-05-23 12:22:13,142,36.07,0.083195713493575,0.1544983806148877
2017-05-23 12:24:13,143,36.04,0.0814345288417766,0.1552604354283747
2017-05-23 12:26:13,144,35.91,0.0835753003180687,0.1549198674297856
2017-05-23 12:28:13,145,35.7,0.0837776901680713,0.1543829065319863
2017-05-23 12:30:13,146,35.7,0.0831156743550216,0.1535183931019673
2017-05-23 12:32:13,147,35.44,0.0824405565634724,0.1553846442087907
2017-05-23 12:34:13,148,35.54,0.0840478177057858,0.1521952731743713
2017-05-23 12:36:13,149,35.67,0.0832121062688775,0.1532005508382205
2017-05-23 12:38:13,150,35.38,0.0828331642217139,0.1534860273154131
2017-05-23 12:40:13,151,35.54,0.0840787560214499,0.1531503456249101
2017-05-23 12:42:13,152,35.51,0.0855951572431911,0.1537492199332624
2017-05-23 12:44:13,153,35.21,0.0812887944728693,0.1515244487056567
2017-05-23 12:46:13,154,35.32,0.0681457617550587,0.1502565172054223
2017-05-23 13:00:49,155,34.65,0.0747325965249016,0.1541974097031887
2017-05-23 13:02:49,156,34.65,0.0793350815277538,0.1516425259155011
2017-05-23 13:04:49,157,34.73,0.0769948219856559,0.1536201745519718
2017-05-23 13:06:49,158,34.65,0.0811710551552182,0.1534476468442174
2017-05-23 13:08:49,159,34.88,0.0770961265839916,0.1510880668226897
2017-05-23 13:10:49,160,34.94,0.0801614643324351,0.151720977008353
2017-05-23 13:12:49,161,34.81,0.080389229220347,0.1517047649255254
2017-05-23 13:14:49,162,34.9,0.0798849757713607,0.1524986515622563
2017-05-23 13:16:49,163,34.65,0.0813155588020452,0.1531818056653724
2017-05-23 13:18:49,164,34.6,0.0815646443561102,0.1531355781333061
2017-05-23 13:20:49,165,34.36,0.079267397806012,0.154265208866101
2017-05-23 13:22:49,166,34.59,0.0800420241277347,0.15416599386404
2017-05-23 13:24:49,167,34.51,0.0804323305131704,0.1542589683322575
2017-05-23 13:26:49,168,34.59,0.0817223198594024,0.1531989649597845
2017-05-23 13:28:49,169,34.13,0.0804632182764029,0.1523673804227927
2017-05-23 13:30:49,170,34.27,0.0811273439704183,0.152142125838968
2017-05-23 13:32:49,171,33.97,0.08276218689197,0.1516801563074842
2017-05-23 13:34:49,172,34.32,0.0823724601308947,0.152651704414819
2017-05-23 13:36:49,173,34.18,0.0819051325420227,0.1543385014356776
2017-05-23 13:38:49,174,34.07,0.081248311822527,0.1516375868697323
2017-05-23 13:40:49,175,33.65,0.0842734646652815,0.1531110261800114
2017-05-23 13:42:49,176,33.81,0.0848950064649175,0.1525482165235198
2017-05-23 13:44:49,177,33.71,0.0825343612557315,0.1517065070476926
2017-05-23 13:46:49,178,33.98,0.0827304550758459,0.1509559402444422
2017-05-23 13:48:49,179,33.54,0.0788454160835571,0.1508249847470665
2017-05-23 13:50:49,180,33.89,0.0853726561218285,0.1508669854438591
2017-05-23 13:52:49,181,33.78,0.0823481328132635,0.1515732734418865
2017-05-23 13:54:49,182,33.85,0.0826049258771529,0.1513333519911476
2017-05-23 13:56:49,183,33.73,0.0732399448855062,0.1498850319837647
2017-05-16 11:26:07,184,35.51,0.1011650185414091,0.160098933415852
2017-05-16 11:28:07,185,35.4,0.0977375452067512,0.1589566516001042
2017-05-16 11:30:07,186,35.21,0.0911679880729662,0.1564683961144202
2017-05-16 11:32:07,187,35.08,0.0929116195603409,0.1531192735440903
2017-05-16 11:34:07,188,34.88,0.0940292157140831,0.1559969568918114
2017-05-16 11:36:07,189,34.83,0.0946470131885182,0.1537124581324692
2017-05-16 11:38:07,190,34.65,0.0946769285842133,0.1531302177941688
2017-05-16 11:40:07,191,34.51,0.0989203704718583,0.155522782328518
2017-05-16 11:42:07,192,34.46,0.0974416328813085,0.154272594915444
2017-05-16 11:44:07,193,34.33,0.0991374414043271,0.1515593243121105
2017-05-16 11:46:07,194,34.26,0.093886537346576,0.1516686379554256
2017-05-16 11:48:07,195,34.17,0.0963168790686324,0.1510475414507101
2017-05-16 11:50:07,196,34.07,0.0959648641229755,0.1509881998945577
2017-05-16 11:52:07,197,33.98,0.0973071737380666,0.1508583533377401
2017-05-16 11:54:07,198,33.87,0.1005360043127572,0.1522989064682152
2017-05-17 14:50:52,200,26.66,0.1334319353482903,0.227580465437965
2017-05-17 14:52:12,201,26.7,0.1331579134878181,0.2206473945177285
2017-05-17 14:54:12,202,26.63,0.1295707331165753,0.2217350400267254
2017-05-17 14:56:12,203,26.62,0.1316902044238086,0.2220435896301322
2017-05-17 14:58:12,204,26.73,0.1324215346897238,0.2206743422673908
2017-05-17 15:00:12,205,26.66,0.1314492579600992,0.2250626665643876
2017-05-17 15:02:12,206,26.63,0.1318593192152185,0.2244329496513218
2017-05-17 15:04:12,207,26.6,0.1363245618848293,0.2257665206627309
2017-05-17 15:06:12,208,26.55,0.1326414813771297,0.2283156463811219
2017-05-17 15:08:12,209,26.56,0.1344934007485718,0.2271213850837138
2017-05-17 15:10:12,210,26.54,0.1333869720920693,0.2284669172628431
2017-05-17 15:12:12,211,26.46,0.132894210846726,0.2241685132982599
2017-05-17 15:14:12,212,26.6,0.1381094448201333,0.2306414149539477
2017-05-17 15:16:12,213,26.48,0.1389316385847679,0.2314031855011737
2017-05-17 15:18:12,214,26.46,0.1401886711455494,0.2345000997600642
2017-05-17 15:20:12,215,26.39,0.1403227474914658,0.2345860815513513
2017-05-17 15:22:12,216,26.47,0.1389291040012603,0.2343611902189924
2017-05-17 15:24:12,217,26.51,0.1444274422598472,0.2375286781953225
2017-05-17 15:26:12,218,26.42,0.1410223986453053,0.2391590555896885
2017-05-17 15:28:12,219,26.34,0.1411418158900656,0.2403574739611657
2017-05-17 15:30:12,220,26.38,0.1418903515879271,0.2416350948201254
2017-05-17 15:32:12,221,26.18,0.1412714148862699,0.2385082258144377
2017-05-17 15:34:12,222,26.32,0.1435208095860324,0.2405603464035559
2017-05-17 15:36:12,223,26.42,0.1449328577423415,0.2423789513015974
2017-05-17 15:38:12,224,26.38,0.145638981470626,0.2457116524028966
2017-05-17 15:40:12,225,26.32,0.1462937417302441,0.2456838436853628
2017-05-17 15:42:12,226,26.28,0.1476963538146063,0.2481549448010474
2017-05-17 15:44:12,227,26.29,0.1469159641705726,0.2489722507708119
2017-05-17 15:46:12,228,26.35,0.1482437723429609,0.2526728572884647
2017-05-17 15:48:12,229,26.28,0.149615806805708,0.2519202540767034
2017-05-17 15:50:12,230,26.23,0.1457838046603441,0.2498127821640242
2017-05-17 15:56:46,231,26.14,0.1574989237415198,0.2670518636337816
2017-05-17 15:58:46,232,26.17,0.1615411613777745,0.2654163183055716
2017-05-17 16:00:46,233,26.16,0.1628936196206591,0.2686006170686265
2017-05-17 16:02:46,234,26.11,0.1585859967476709,0.2719137602071682
2017-05-17 16:04:46,235,26.18,0.1617626229346668,0.2723410215706415
2017-05-17 16:06:46,236,26.15,0.1635785576798903,0.2721021691991854
2017-05-17 16:08:46,237,26.23,0.1627750025423963,0.2729090339838622
2017-05-17 16:10:46,238,26.07,0.1662156914521816,0.2734487933526809
2017-05-17 16:12:46,239,26.02,0.1623478429921546,0.2738908778382059
2017-05-17 16:14:46,240,26.06,0.1675290102170932,0.2755811430391055
2017-05-17 16:16:46,241,25.93,0.1625250884067667,0.2774685567565422
2017-05-17 16:18:46,242,26.08,0.1626237075916147,0.277739862769696
2017-05-17 16:20:46,243,26.06,0.1649035329329729,0.2801807173653793
2017-05-17 16:22:46,244,26.09,0.1666166619923166,0.2777879766624022
2017-05-17 16:24:46,245,26.08,0.1676651403582739,0.2789552423094704
2017-05-17 16:26:46,246,26.04,0.1686923966877689,0.2803715310159467
2017-05-17 16:28:46,247,25.95,0.1687343016997355,0.282963167495513
2017-05-17 16:30:46,248,25.95,0.1704266428807664,0.2799052216400777
2017-05-17 16:32:46,249,25.99,0.1693376371508016,0.2836575564840195
2017-05-17 16:34:46,250,25.95,0.1681074849297284,0.2827104671718293
2017-05-17 16:36:46,251,25.97,0.1701331527408669,0.2823974146110056
2017-05-17 16:38:46,252,25.88,0.1703225453263945,0.2805027535443287
2017-05-17 16:40:46,253,25.9,0.1666063706996055,0.2834746959851404
2017-05-17 16:42:46,254,25.86,0.1711059195478677,0.2842292671720652
2017-05-17 16:44:46,255,25.93,0.1771172161821825,0.2855408233621536
2017-05-17 16:46:46,256,25.92,0.1723867221106968,0.2821131183999656
2017-05-17 16:48:46,257,25.73,0.1729054751147319,0.2828758089746343
2017-05-17 16:50:46,258,25.86,0.1718635992961071,0.2839919748768033
2017-05-17 16:52:46,259,25.9,0.1749287873503081,0.2812620821695788
2017-05-17 16:54:46,260,25.79,0.1771849172988797,0.2830433913217356
2017-05-24 10:10:47,261,31.29,0.097272312730589,0.189320419080176
2017-05-24 10:12:47,262,39.09,0.0967190086092991,0.1915342219943604
2017-05-24 10:14:47,263,38.76,0.0984574438820422,0.1796989084968938
2017-05-24 10:16:47,264,38.53,0.0991146175455269,0.1780567845706323
2017-05-24 10:18:47,265,37.76,0.0978484481898395,0.1809420359627374
2017-05-24 10:20:47,266,37.6,0.0952725836186462,0.1777374584698037
2017-05-24 10:22:47,267,37.41,0.0963886841263439,0.1764308815674397
2017-05-24 10:24:47,268,37.26,0.0952940274369841,0.1769831063307417
2017-05-24 10:26:47,269,37.11,0.0961573268360598,0.1757513111605753
2017-05-24 10:28:47,270,36.96,0.0974919739004416,0.1730487466835623
2017-05-24 10:30:47,271,36.86,0.0964625434541773,0.1722691959689245
2017-05-24 10:32:47,272,36.59,0.0963282818179937,0.1737798459919118
2017-05-24 10:34:47,273,36.57,0.0959775368039109,0.1729290681502086
2017-05-24 10:36:47,274,36.5,0.09696779988568,0.1690371522007183
2017-05-24 10:38:47,275,36.52,0.0944965712712154,0.1708965679511448
2017-05-24 10:40:47,276,36.26,0.0947526676689523,0.1708981953039837
2017-05-24 10:42:47,277,36.3,0.0957987492510989,0.1702277080229836
2017-05-24 10:44:47,278,36.23,0.093219857954747,0.1691601896798451
2017-05-24 10:46:47,279,36.19,0.0942243987688455,0.170337966305044
2017-05-24 10:48:47,280,36.11,0.0952525330870169,0.1694124813483924
2017-05-24 10:50:47,281,36.02,0.096505251229334,0.1715848384634953
2017-05-24 10:52:47,282,35.95,0.0978907588299138,0.1698746283050711
2017-05-24 10:54:47,283,35.9,0.0953304207140938,0.1717242852130759
2017-05-24 10:56:47,284,35.78,0.0975376436739641,0.1693584260051326
2017-05-24 10:58:47,285,35.75,0.095493094456646,0.168223485166143
2017-05-24 11:00:47,286,35.63,0.0947856712061532,0.1684096831710327
2017-05-24 11:02:47,287,35.56,0.0644535079807051,0.1601327567132656
2017-05-24 11:04:47,288,35.52,0.0956713445540465,0.1675546664040675
2017-05-24 11:06:47,289,35.55,0.0945297968063127,0.168879597026604
2017-05-24 11:08:47,290,35.47,0.0934303464067417,0.1666815462905097
2017-05-24 12:24:29,291,33.5,0.095916852264291,0.1724385284247558
2017-05-24 12:26:29,292,33.46,0.0963734970375422,0.1735393592507247
2017-05-24 12:28:29,293,33.51,0.0942458948530426,0.1709090424859012
2017-05-24 12:30:29,294,33.44,0.0729673669726654,0.1714603245165592
2017-05-24 12:32:29,295,33.42,0.0694752137973748,0.1684500898126764
2017-05-24 12:34:29,296,33.34,0.0920264919392853,0.1718498993144331
2017-05-24 12:36:29,297,33.42,0.0927238273239363,0.1711975237616782
2017-05-24 12:38:29,298,33.35,0.0919259281611796,0.1700097613260091
2017-05-24 12:40:29,299,33.34,0.0934815608536476,0.1689784330157861
2017-05-24 12:42:29,300,33.36,0.0916058088344301,0.1715306949664677
2017-05-24 12:44:29,301,33.21,0.0949410752034836,0.1719714443265165
2017-05-24 12:46:29,302,32.93,0.0940033381020505,0.1719158863772502
2017-05-24 12:48:29,303,33.15,0.0967146436828916,0.1711615577296775
2017-05-24 12:50:29,304,33.13,0.0960471731658172,0.17047223663726
2017-05-24 12:52:29,305,33.09,0.0947492991260433,0.1707129116409697
2017-05-24 12:54:29,306,33.06,0.0950831826054722,0.1703429017195961
2017-05-24 12:56:29,307,32.96,0.0949379802139306,0.170572107987131
2017-05-24 12:58:29,308,32.85,0.0921390815188399,0.1711647299656812
2017-05-24 13:00:29,309,32.86,0.0941740568912548,0.1709537588461581
2017-05-24 13:02:29,310,32.86,0.0944326080122943,0.1713290911273862
2017-05-24 13:04:29,311,32.74,0.0946916418717879,0.168603447225775
2017-05-24 13:06:29,312,32.72,0.0936113860152506,0.1703514463893691
2017-05-24 13:08:29,313,32.59,0.0946089410346504,0.1696766640095655
2017-05-24 13:10:29,314,32.6,0.0953754518721084,0.1701965736319614
2017-05-24 13:12:29,315,32.57,0.0936293608012666,0.1717460775511949
2017-05-24 13:14:29,316,32.6,0.0958927949878176,0.169084792695276
2017-05-24 13:16:29,317,32.45,0.0960498031146668,0.1697450202824775
2017-05-24 13:18:29,318,32.44,0.0963644120017064,0.1698765866385249
2017-05-24 13:20:29,319,32.39,0.0970020268769436,0.1717680116487563
2017-05-24 13:22:29,320,32.34,0.0939778924097273,0.1723959644883547
2017-05-17 13:44:09,321,27.35,0.1237375416286393,0.2010139994897433
2017-05-17 13:46:09,322,27.2,0.1234681446457433,0.2032567236633942
2017-05-17 13:48:09,323,27.33,0.1232618544246451,0.2034212634237072
2017-05-17 13:50:09,324,27.33,0.1226227492949598,0.2037060182040483
2017-05-17 13:52:09,325,27.32,0.1243189322434227,0.2039559466308028
2017-05-17 13:54:09,326,27.24,0.1256871813977155,0.2043839749891748
2017-05-17 13:56:09,327,27.16,0.1263854184705969,0.2055168917615812
2017-05-17 13:58:09,328,27.19,0.1272703094702791,0.2051414688102752
2017-05-17 14:00:09,329,27.19,0.1268383598780074,0.2068003065824572
2017-05-17 14:02:09,330,27.21,0.1295905153446737,0.2085150836560848
2017-05-17 14:04:09,331,27.23,0.1288557778366045,0.2101689259645464
2017-05-17 14:06:09,332,27.22,0.1282948942161387,0.2120143324155952
2017-05-17 14:08:09,333,27.1,0.1296133272297148,0.2093435557420462
2017-05-17 14:10:09,334,27.11,0.1291812166148449,0.2101904615941928
2017-05-17 14:12:09,335,27.03,0.1296581130018301,0.2123634291842616
2017-05-17 14:14:09,336,26.99,0.1309074922099885,0.2156567652325982
2017-05-17 14:16:09,337,27.05,0.1303667393117898,0.2155667486539334
2017-05-17 14:18:09,338,26.98,0.1331378683395849,0.2153228219328106
2017-05-17 14:20:09,339,26.96,0.1330526137256884,0.2185354593497437
2017-05-17 14:22:09,340,27.03,0.1302685741498196,0.217918748420045
2017-05-17 14:24:09,341,27.03,0.1329012305060209,0.2190417791555596
2017-05-17 14:26:09,342,27.01,0.1339951599395981,0.2203058742339598
2017-05-17 14:28:09,343,26.89,0.1336805612822145,0.220298800069528
2017-05-17 14:30:09,344,26.87,0.1343936674121096,0.223759768700083
2017-05-17 14:32:09,345,26.9,0.1345349211457998,0.2221651525672736
2017-05-17 14:34:09,346,26.86,0.1390166242123609,0.2257940316176005
2017-05-17 14:36:09,347,26.84,0.1398149468124826,0.2287939721721444
2017-05-17 14:38:09,348,26.77,0.1392917924050122,0.2305878418892117
2017-05-17 14:40:09,349,26.77,0.1391192057422687,0.2282865161202321
2017-05-17 14:42:09,350,26.82,0.1409377366655847,0.2357190791585213
2017-05-17 12:20:14,351,28.66,0.1179351765228025,0.2014252155381188
2017-05-17 12:22:14,352,28.62,0.1191435342449149,0.2023507464924751
2017-05-17 12:24:14,353,28.64,0.1197941888619854,0.2038252362742665
2017-05-17 12:26:14,354,28.58,0.1188806791385002,0.2037500222791247
2017-05-17 12:28:14,355,28.55,0.1211401045809256,0.2016973209533384
2017-05-17 12:30:14,356,28.57,0.1178861788617886,0.2033581102917413
2017-05-17 12:32:14,357,28.46,0.1184932891646837,0.2016098707403055
2017-05-17 12:34:14,358,28.41,0.1187585059966302,0.2029160785508044
2017-05-17 12:36:14,359,28.36,0.1167863487843361,0.2019390180279404
2017-05-17 12:38:14,360,28.38,0.1157845695117405,0.1974361783718637
2017-05-17 12:40:14,361,28.33,0.1146523281486442,0.1978240077205217
2017-05-17 12:42:14,362,28.29,0.1128671894448593,0.1965203581124276
2017-05-17 12:44:14,363,28.31,0.1146371624631275,0.1948701265345958
2017-05-17 12:46:14,364,28.3,0.1119553875259707,0.1989739768428292
2017-05-17 12:48:14,365,28.21,0.110778021816669,0.1971609638198766
2017-05-17 12:50:14,366,28.1,0.1134704711347047,0.1952730144404332
2017-05-17 12:52:14,367,28.14,0.1107128148023857,0.1955361748547621
2017-05-17 12:54:14,368,28.22,0.111868055239741,0.1936442251578333
2017-05-17 12:56:14,369,28.08,0.1104031922652666,0.1952743719322946
2017-05-17 12:58:14,370,27.98,0.1102781554000659,0.191808752859937
2017-05-17 13:00:14,371,28.06,0.1124920176372206,0.194042912588452
2017-05-17 13:02:14,372,27.96,0.1098615733254862,0.1935556300918367
2017-05-17 13:04:14,373,28.01,0.1108525409274895,0.1929195964872331
2017-05-17 13:06:14,374,27.88,0.1122092600227983,0.1943876363735917
2017-05-17 13:08:14,375,27.98,0.1095828622290649,0.1953794689525402
2017-05-17 13:10:14,376,27.9,0.1111421255112319,0.1947942121303643
2017-05-17 13:12:14,377,27.87,0.1105959631007789,0.1933785741268681
2017-05-17 13:14:14,378,27.82,0.1102963991673469,0.1941941805710552
2017-05-17 13:16:14,379,27.8,0.1137165393266557,0.1952207062818705
2017-05-17 13:18:14,380,27.74,0.1150639109774726,0.1954803298137703
2017-05-24 11:18:16,381,35.09,0.0931506931669251,0.1725144135242831
2017-05-24 11:20:16,382,34.91,0.0921367272374154,0.1719253312874091
2017-05-24 11:22:16,383,34.91,0.0954745311518559,0.1723400765445598
2017-05-24 11:24:16,384,34.84,0.0937912615532349,0.1727492170108872
2017-05-24 11:26:16,385,34.88,0.0950387305171386,0.171848440299536
2017-05-24 11:28:16,386,34.82,0.0943970575246362,0.1715914311968757
2017-05-24 11:30:16,387,34.66,0.0933524632366791,0.1705251604187774
2017-05-24 11:32:16,388,34.77,0.0935041793559256,0.1702528773085382
2017-05-24 11:34:16,389,34.62,0.0942545600268883,0.169096099064688
2017-05-24 11:36:16,390,34.59,0.0906320793848313,0.1682421590080233
2017-05-24 11:38:16,391,34.56,0.0924888071890192,0.1674403621700289
2017-05-24 11:40:16,392,34.44,0.0927484103025242,0.1651205936920222
2017-05-24 11:42:16,393,34.45,0.0959719639360964,0.1689824798947374
2017-05-24 11:44:16,394,34.36,0.0927287257730952,0.1665878953558941
2017-05-24 11:46:16,395,34.32,0.0844469104076626,0.1643654192966636
2017-05-24 11:48:16,396,34.35,0.0903049144074517,0.1662930068121065
2017-05-24 11:50:16,397,34.2,0.0904181370976366,0.1657708109805563
2017-05-24 11:52:16,398,34.14,0.0938877990471669,0.1662636243150752
2017-05-24 11:54:16,399,34.07,0.0927610703156599,0.1657240204429301
2017-05-24 11:56:16,400,34.14,0.0954348931841302,0.1674985104725239
2017-05-24 11:58:16,401,34.0,0.0536010620643876,0.161214000163172
2017-05-24 12:00:16,402,33.97,0.0496240968560827,0.1653372008701958
2017-05-24 12:02:16,403,33.87,0.0909084348478725,0.1653457843086883
2017-05-24 12:04:16,404,33.87,0.0930335121931912,0.1667943231570521
2017-05-24 12:06:16,405,33.85,0.0959295778172626,0.1658509384398272
2017-05-24 12:08:16,406,33.78,0.0961947691752233,0.1692617725491661
2017-05-24 12:10:16,407,33.8,0.0922039554900942,0.1668553548123339
2017-05-24 12:12:16,408,33.7,0.0935201305271217,0.1734423182528618
2017-05-24 12:14:16,409,33.81,0.063222480813987,0.1768430473207294
2017-05-24 12:16:16,410,33.72,0.0975551509000268,0.1741857422814211
2017-05-24 14:51:00,411,31.62,0.1024684020068877,0.1882071903491659
2017-05-24 14:53:00,412,31.54,0.1007949307812589,0.1874415227658889
2017-05-24 14:55:00,413,31.5,0.102386786044133,0.1881115494223182
2017-05-24 14:57:00,414,31.48,0.1027572185443728,0.1780898298344508
2017-05-24 14:59:00,415,31.57,0.1001609687892875,0.1798374997892891
2017-05-24 15:01:00,416,31.5,0.1009473818973242,0.1867841377117548
2017-05-24 15:03:00,417,31.42,0.1014478837502982,0.1820549629762552
2017-05-24 15:05:00,418,31.5,0.0998214937725668,0.1855145739825461
2017-05-24 15:07:00,419,31.41,0.0994300214416832,0.187231739908267
2017-05-24 15:09:00,420,31.34,0.1021376975547622,0.1790317339976172
2017-05-24 15:11:00,421,31.34,0.0999262131654552,0.1854472630173564
2017-05-24 15:13:00,422,31.31,0.1033579723139502,0.1816329799009886
2017-05-24 15:15:00,423,31.29,0.1027973431626583,0.1793137011660973
2017-05-24 15:17:00,424,31.28,0.1009831029185868,0.1808537788231399
2017-05-24 15:19:00,425,31.26,0.1040741685804201,0.1790183667116322
2017-05-24 15:21:00,426,31.22,0.1033751888023244,0.1803880229228285
2017-05-24 15:23:00,427,31.19,0.1042959006741031,0.1828986207057688
2017-05-24 15:25:00,428,31.26,0.1033374169937496,0.1884078580446454
2017-05-24 15:27:00,429,31.18,0.1046580871406358,0.181841369124026
2017-05-24 15:29:00,430,31.09,0.1059612876655913,0.183658389023078
2017-05-24 15:31:00,431,31.12,0.1052024754595915,0.1923041385948026
2017-05-24 15:33:00,432,31.15,0.1046983758700696,0.192437836844684
2017-05-24 15:35:00,433,30.99,0.1069085321964453,0.1886438703255435
2017-05-24 15:37:00,434,31.07,0.1032907968347926,0.1905165819707515
2017-05-24 15:39:00,435,31.1,0.1055000716777368,0.1905578782753008
2017-05-24 15:41:00,436,31.04,0.1060134105751409,0.1946305165506719
2017-05-24 15:43:00,437,31.05,0.1060479454833083,0.1884113964178158
2017-05-24 15:45:00,438,31.1,0.1064407049929181,0.1845508504870565
2017-05-24 15:47:00,439,30.94,0.1060817820298542,0.1878401811088098
2017-05-24 15:49:00,440,31.05,0.1065123279331687,0.1856175464546547
2017-05-17 11:16:19,441,29.93,0.1025935292106341,0.1932939790468429
2017-05-17 11:18:19,442,29.94,0.1004291295715109,0.1940762585042569
2017-05-17 11:20:19,443,29.84,0.1015875153616942,0.1946552923699864
2017-05-17 11:22:19,444,29.72,0.1043005621495026,0.19413399562415
2017-05-17 11:24:19,445,29.67,0.0979326432231866,0.1940261456972548
2017-05-17 11:26:19,446,29.66,0.1023098703492126,0.1923169024462128
2017-05-17 11:28:19,447,29.61,0.1010528123998639,0.1926560289621393
2017-05-17 11:30:19,448,29.52,0.101929992650147,0.1936551765991018
2017-05-17 11:32:19,449,29.55,0.1050752275238044,0.1956095435232596
2017-05-17 11:34:19,450,29.57,0.1024335086133439,0.1926990363254188
2017-05-17 11:36:19,451,29.45,0.1033430370586251,0.1933287950987066
2017-05-17 11:38:19,452,29.48,0.1040651254682441,0.1936965553855469
2017-05-17 11:40:19,453,29.44,0.1011270560833116,0.1947589613882117
2017-05-17 11:42:19,454,29.42,0.1039226215549646,0.194936686578024
2017-05-17 11:44:19,455,29.22,0.1046723927159572,0.1963438906577528
2017-05-17 11:46:19,456,29.37,0.1033257268024479,0.1944770823468892
2017-05-17 11:48:19,457,29.2,0.1072579674904858,0.1942046353609159
2017-05-17 11:50:19,458,29.17,0.1027505938390954,0.1955668564479575
2017-05-17 11:52:19,459,29.14,0.1056606465499862,0.1955705640365077
2017-05-17 11:54:19,460,29.15,0.1062017722867053,0.1970079874670524
2017-05-17 11:56:19,461,29.2,0.1063425213419223,0.1955735208300716
2017-05-17 11:58:19,462,29.17,0.1095287335682132,0.1963483816691488
2017-05-17 12:00:19,463,29.02,0.1114826201802626,0.1968983957219251
2017-05-17 12:02:19,464,28.91,0.1134970635996239,0.1980565465547486
2017-05-17 12:04:19,465,28.92,0.115847979018065,0.1982082336592525
2017-05-17 12:06:19,466,28.95,0.1155152818682863,0.1998341671350424
2017-05-17 12:08:19,467,28.85,0.1180063382310573,0.2001612694603528
2017-05-17 12:10:19,468,28.84,0.1185580119529873,0.2009219511262067
2017-05-17 12:12:19,469,28.83,0.1178863506050638,0.2046349910339068
2017-05-17 12:14:19,470,28.77,0.1209380043215757,0.2035093943156544
2017-05-17 10:10:22,471,31.48,0.0951786964267349,0.1977604036280305
2017-05-17 10:12:22,472,31.47,0.0935319469708142,0.1957463344359248
2017-05-17 10:14:22,473,31.44,0.0966247387070249,0.1957287175256448
2017-05-17 10:16:22,474,31.32,0.0953577465524105,0.1938163416062063
2017-05-17 10:18:22,475,31.34,0.0979600986325935,0.1969956022052974
2017-05-17 10:20:22,476,31.22,0.0981330435579528,0.1946035930219699
2017-05-17 10:22:22,477,31.23,0.0992011071271309,0.1961914093365782
2017-05-17 10:24:22,478,31.25,0.0956749845111453,0.192476125151691
2017-05-17 10:26:22,479,31.18,0.0970300026982027,0.1930674422067854
2017-05-17 10:28:22,480,30.86,0.0979684885802901,0.1933850574712644
2017-05-17 10:30:22,481,31.07,0.1006199786985049,0.1948413472013577
2017-05-17 10:32:22,482,30.94,0.0997772712131207,0.1947314240015427
2017-05-17 10:34:22,483,30.81,0.0966316234177729,0.199175995553892
2017-05-17 10:36:22,484,30.9,0.1005651579631047,0.1946019883899379
2017-05-17 10:38:22,485,30.75,0.1005313778284057,0.1946860916046536
2017-05-17 10:40:22,486,30.7,0.0997139168737147,0.1962583862568708
2017-05-17 10:42:22,487,30.75,0.101373850459816,0.1945556249490862
2017-05-17 10:44:22,488,30.57,0.0978242005463602,0.1967907905429769
2017-05-17 10:46:22,489,30.6,0.0986888954048506,0.1954715790936743
2017-05-17 10:48:22,490,30.56,0.0999344113417925,0.1943728863870072
2017-05-17 10:50:22,491,30.52,0.0997391174479903,0.194819888127306
2017-05-17 10:52:22,492,30.44,0.0986597182131656,0.1937859000937528
2017-05-17 10:54:22,493,30.32,0.1010727688555868,0.1949267754973492
2017-05-17 10:56:22,494,30.36,0.1025292074518471,0.194705254148318
2017-05-17 10:58:22,495,30.32,0.1005862118478471,0.1925130119733264
2017-05-17 11:00:22,496,30.26,0.1022028384647564,0.1945808384769704
2017-05-17 11:02:22,497,30.13,0.1016626973903317,0.1959555106167846
2017-05-17 11:04:22,498,30.08,0.0990531544707246,0.1944070767600179
2017-05-17 11:06:22,499,30.1,0.0995271948025443,0.1927660012606635
2017-05-17 11:08:22,500,30.11,0.1018094689838656,0.193363458052983
2017-05-17 11:11:58,501,29.96,0.0988914702134683,0.1924568354801664
2017-05-24 13:28:47,502,32.38,0.0953971860025581,0.171362879792366
2017-05-24 13:30:47,503,32.22,0.0983707849208829,0.1688216189717507
2017-05-24 13:32:47,504,32.2,0.1006671036902788,0.1686551967208834
2017-05-24 13:34:47,505,31.99,0.0996102371057606,0.1678970448886048
2017-05-24 13:36:47,506,32.06,0.096026214212324,0.1704071284890196
2017-05-24 13:38:47,507,32.07,0.0872851215174866,0.1742610837438423
2017-05-24 13:40:47,508,31.95,0.0957130535317758,0.1723328268129566
2017-05-24 13:42:47,509,31.97,0.0906327236777063,0.1711792558655787
2017-05-24 13:44:47,510,32.08,0.1014377339085221,0.1695084861567112
2017-05-24 13:46:47,511,31.89,0.0831112161987876,0.1705628936319104
2017-05-24 13:48:47,512,31.91,0.0874619797089023,0.1705586942875078
2017-05-24 13:50:47,513,31.84,0.0793319415448851,0.1722919760586832
2017-05-24 13:52:47,514,31.93,0.0913592372066376,0.1791004061508618
2017-05-24 13:54:47,515,32.01,0.0873298388358629,0.1749830150222691
2017-05-24 13:56:47,516,31.78,0.0861015006473797,0.1805710348740602
2017-05-24 13:58:47,517,31.97,0.082382762991128,0.1801098281586035
2017-05-24 14:00:47,518,31.86,0.079176256814052,0.1797894736842105
2017-05-24 14:02:47,519,31.79,0.0754656469717528,0.1837807527861498
2017-05-24 14:04:47,520,31.94,0.0841090761914398,0.1872720557684317
2017-05-24 14:06:47,521,31.86,0.0893476946503347,0.1874499003144718
2017-05-24 14:08:47,522,31.89,0.0830064591896652,0.1852349895784307
2017-05-24 14:10:47,523,31.79,0.0824718209610044,0.1811893834430204
2017-05-24 14:12:47,524,31.85,0.0904564315352697,0.1849272438511396
2017-05-24 14:14:47,525,31.77,0.0908078849881955,0.1821155943293348
2017-05-24 14:16:47,526,31.91,0.0897363813073302,0.18322877736252
2017-05-24 14:18:47,527,31.8,0.0907967083656223,0.1788695067441952
2017-05-24 14:20:47,528,31.74,0.0909900879830716,0.1780231256993659
2017-05-24 14:22:47,529,31.86,0.0954723047278379,0.1776542109834087
2017-05-24 14:24:47,530,31.8,0.0936089786470444,0.1766320449895464
2017-05-24 14:26:47,531,31.78,0.0936090267232684,0.181390999833242
2017-05-17 17:04:24,532,25.81,0.1719147998073434,0.2928019576035853
2017-05-17 17:06:24,533,25.85,0.1761689519337313,0.2957488784265167
2017-05-17 17:08:24,534,25.7,0.1734501748720775,0.2939379972718427
2017-05-17 17:10:24,535,25.76,0.1777795361649411,0.2942529917005566
2017-05-17 17:12:24,536,25.73,0.1756287955184835,0.2950835933200919
2017-05-17 17:14:24,537,25.86,0.1747714079278471,0.2960591179930746
2017-05-17 17:16:24,538,25.64,0.1798545673594079,0.2953682503339057
2017-05-17 17:18:24,539,25.75,0.1780139226491212,0.2959896048101727
2017-05-17 17:20:24,540,25.73,0.1777220881546108,0.2953148536527479
2017-05-17 17:22:24,541,25.64,0.1775825616140181,0.2958567096750432
2017-05-17 17:24:24,542,25.63,0.1779902529831937,0.2951803821361553
2017-05-17 17:26:24,543,25.63,0.1820113561152332,0.2983901320312539
2017-05-17 17:28:24,544,25.63,0.1775551915970708,0.2945769738081779
2017-05-17 17:30:24,545,25.72,0.1791073993708177,0.2954778876370047
2017-05-17 17:32:24,546,25.65,0.1789974993678177,0.2971940771967902
2017-05-17 17:34:24,547,25.61,0.1778444824821548,0.2975666899052229
2017-05-17 17:36:24,548,25.78,0.1783651604943096,0.2967691919467836
2017-05-17 17:38:24,549,25.56,0.1809075022734594,0.2990804038180703
2017-05-17 17:40:24,550,25.67,0.1794708265103852,0.2991757277678215
2017-05-17 17:42:24,551,25.59,0.1804034464334202,0.2992754762821521
2017-05-17 17:44:24,552,25.57,0.1798612028111565,0.2962607343295693
2017-05-17 17:46:24,553,25.69,0.181677204579202,0.2983370394117566
2017-05-17 17:48:24,554,25.55,0.1831945633205602,0.2950657930598405
2017-05-17 17:50:24,555,25.66,0.1843635764458901,0.2996712162774345
2017-05-17 17:52:24,556,25.62,0.1808590042480257,0.2967683926588036
2017-05-17 17:54:24,557,25.63,0.1828595185425347,0.2964039906726214
2017-05-17 17:56:24,558,25.5,0.1833405555450885,0.2969053322283651
2017-05-17 17:58:24,559,25.58,0.1814815873288052,0.2987502194238289
2017-05-17 18:00:24,560,25.65,0.1811631300074231,0.296295653833144
2017-05-17 18:02:24,561,25.56,0.1793456864019153,0.295946522626167
2017-05-26 09:52:28,562,42.5,0.0771987112948051,0.1614324954695905
2017-05-26 09:54:28,563,39.06,0.0769338942900138,0.1621642833350726
2017-05-26 09:56:28,564,38.52,0.0782340376762378,0.1652644588282117
2017-05-26 09:58:28,565,37.87,0.0771424690407733,0.16337616233334
2017-05-26 10:00:28,566,37.71,0.0805114684142345,0.165204105097078
2017-05-26 10:02:28,567,37.35,0.0793274239655447,0.1652033144284302
2017-05-26 10:04:28,568,37.18,0.081376961832225,0.1653293674756845
2017-05-26 10:06:28,569,37.0,0.0813814893897936,0.1643472755570797
2017-05-26 10:08:28,570,36.84,0.0808740265159244,0.1664608768035516
2017-05-26 10:10:28,571,36.68,0.084481141983859,0.1653260997182216
2017-05-26 10:12:28,572,36.54,0.0831847153228888,0.1641057458081646
2017-05-26 10:14:28,573,36.39,0.0815230429962256,0.1631224961497537
2017-05-26 10:16:28,574,36.23,0.0846753582620865,0.1613681141973256
2017-05-26 10:18:28,575,36.14,0.0835896813537724,0.1630490314465114
2017-05-26 10:20:28,576,36.03,0.0810036734192234,0.1623280359500343
2017-05-26 10:22:28,577,35.96,0.0832902289223897,0.1608335271821677
2017-05-26 10:24:28,578,35.87,0.081218796436652,0.1613707412016064
2017-05-26 10:26:28,579,35.79,0.0827771177485507,0.1623409420741254
2017-05-26 10:28:28,580,35.52,0.0835644114976054,0.1617848226748137
2017-05-26 10:30:28,581,35.61,0.083772892693492,0.1617141508812748
2017-05-26 10:32:28,582,35.46,0.0846300183678824,0.1628806715788033
2017-05-26 10:34:28,583,35.45,0.083917079443564,0.160436589832282
2017-05-26 10:36:28,584,35.35,0.0827239604064332,0.1613702474138097
2017-05-26 10:38:28,585,35.2,0.0845007134217445,0.1600644242139002
2017-05-26 10:40:28,586,35.23,0.0827920079507241,0.1609758490080447
2017-05-26 10:42:28,587,35.07,0.0820365324889653,0.1581209735933686
2017-05-26 10:44:28,588,35.05,0.0825998010224517,0.1591071901191001
2017-05-26 10:46:28,589,34.91,0.0831860668375984,0.1594765183112945
2017-05-26 10:48:28,590,34.89,0.0823680242612169,0.1602640324680297
2017-05-26 10:50:28,591,34.77,0.0825086713182129,0.1596937786678726
2017-05-26 10:56:18,592,34.63,0.0810281140236291,0.1551214150094933
2017-05-26 10:58:18,593,34.59,0.0808947303557318,0.1564410222495158
2017-05-26 11:00:18,594,34.5,0.0810633793812187,0.1564705882352941
2017-05-26 11:02:18,595,34.25,0.0795458529029858,0.155776702933904
2017-05-26 11:04:18,596,34.32,0.0819452084937836,0.1563615177335955
2017-05-26 11:06:18,597,34.21,0.0776852503483857,0.1552776045986215
2017-05-26 11:08:18,598,34.11,0.0813713609400492,0.1545883142619702
2017-05-26 11:10:18,599,34.11,0.082785850510442,0.1560909382468968
2017-05-26 11:12:18,600,34.1,0.0812022721901206,0.1567274881516587
2017-05-26 11:14:18,601,33.95,0.0839253709625328,0.1564373177448968
2017-05-26 11:16:18,602,33.85,0.0822940349355364,0.1554316934535476
2017-05-26 11:18:18,603,33.84,0.0825835230029604,0.1557539558933466
2017-05-26 11:20:18,604,33.85,0.0820066665365356,0.1568378572539983
2017-05-26 11:22:18,605,33.64,0.0832504661280298,0.1568370937694059
2017-05-26 11:24:18,606,33.64,0.0819425623294027,0.1573129649940042
2017-05-26 11:26:18,607,33.6,0.081937114322832,0.15502476751124
2017-05-26 11:28:18,608,33.57,0.0817685009487666,0.1560372361733963
2017-05-26 11:30:18,609,33.52,0.0851572287647206,0.1568132149080628
2017-05-26 11:32:18,610,33.42,0.0846191412873906,0.1571694786068623
2017-05-26 11:34:18,611,33.36,0.0846564045432313,0.1561192172770881
2017-05-26 11:36:19,612,33.31,0.0839216137626138,0.1563967502901526
2017-05-26 11:38:19,613,33.27,0.0837392350220615,0.155669748291845
2017-05-26 11:40:19,614,33.12,0.0832184603921203,0.1558577427766549
2017-05-26 11:42:19,615,33.13,0.0803513612746025,0.1556335348272177
2017-05-26 11:44:19,616,33.0,0.0842301593142994,0.1560669420994009
2017-05-26 11:46:19,617,32.87,0.0816501817102203,0.1566967257134444
2017-05-26 11:48:19,618,32.85,0.0852426002863134,0.1560796695667312
2017-05-26 11:50:19,619,32.74,0.082854962230427,0.1553813155044153
2017-05-26 11:52:19,620,32.79,0.0844359262725032,0.1558596943427385
2017-05-26 11:54:19,621,32.82,0.0830032204560269,0.1562768053784629
2017-05-26 12:04:11,622,32.5,0.0846645136538501,0.1542802799642151
2017-05-26 12:06:11,623,32.27,0.0866171762277385,0.154232182548889
2017-05-26 12:08:11,624,32.29,0.0864366754274116,0.155767709247774
2017-05-26 12:10:11,625,32.37,0.0863794661454161,0.1549013741134751
2017-05-26 12:12:11,626,32.27,0.0892078999517419,0.1574268651094072
2017-05-26 12:14:11,627,32.23,0.0894255632241613,0.1580146788047992
2017-05-26 12:16:11,628,32.17,0.089189034634026,0.1576944645496402
2017-05-26 12:18:11,629,32.11,0.0927264887032311,0.1584959404731916
2017-05-26 12:20:11,630,32.02,0.0930098041067684,0.159755537409411
2017-05-26 12:22:11,631,31.96,0.0923821622732452,0.1580718277101519
2017-05-26 12:24:11,632,32.02,0.0942660498188199,0.1594713443743453
2017-05-26 12:26:11,633,31.84,0.0955656881016808,0.1590812298494306
2017-05-26 12:28:11,634,31.92,0.0962314747014134,0.159530539334548
2017-05-26 12:30:11,635,31.97,0.0964070046819574,0.1597786262531793
2017-05-26 12:32:11,636,31.77,0.0966014221412987,0.1592881335859782
2017-05-26 12:34:11,637,31.78,0.0977026276489391,0.1599080902175806
2017-05-26 12:36:11,638,31.71,0.0975479374600521,0.1614005632006801
2017-05-26 12:38:11,639,31.68,0.1017910980177498,0.1612590935579074
2017-05-26 12:40:11,640,31.63,0.1036094019421,0.1625977449386867
2017-05-26 12:42:11,641,31.48,0.101966413821808,0.1617337012131458
2017-05-26 12:44:11,642,31.61,0.1048576322168636,0.1611636973293836
2017-05-26 12:46:11,643,31.52,0.102368732202438,0.1631970603548492
2017-05-26 12:48:11,644,31.49,0.1030961949232825,0.1637261192066429
2017-05-26 12:50:11,645,31.42,0.1038736742086249,0.1619068748376298
2017-05-26 12:52:11,646,31.46,0.1024716636988747,0.1621048072758769
2017-05-26 12:54:11,647,31.33,0.1021842848877671,0.1615704470461124
2017-05-26 12:56:11,648,31.32,0.100053407146913,0.1611291000406473
2017-05-26 12:58:11,649,31.21,0.0962322335993374,0.1589530587702733
2017-05-26 13:00:11,650,31.09,0.0982884907732704,0.1589960882105104
2017-05-26 13:02:11,651,31.11,0.0947161005899701,0.1572968676482008
2017-05-26 13:10:10,652,30.78,0.0898877295177649,0.1576545049565182
2017-05-26 13:12:10,653,30.73,0.0894465175632675,0.1549692764594277
2017-05-26 13:14:10,654,30.72,0.0900088867283927,0.157067319216225
2017-05-26 13:16:10,655,30.74,0.0896825117783559,0.1570484728308866
2017-05-26 13:18:10,656,30.7,0.0915266022219883,0.1569301457681537
2017-05-26 13:20:10,657,30.72,0.0914270030581424,0.1570022997984566
2017-05-26 13:22:10,658,30.54,0.0895335952963165,0.1560797503113391
2017-05-26 13:24:10,659,30.47,0.0896461525630624,0.1575736465441403
2017-05-26 13:26:10,660,30.55,0.0911042747543009,0.1574518562342848
2017-05-26 13:28:10,661,30.51,0.0897239385123792,0.1570381883815826
2017-05-26 13:30:10,662,30.3,0.089767996373872,0.1551102595952431
2017-05-26 13:32:10,663,30.29,0.0913191410102175,0.1578952980693471
2017-05-26 13:34:10,664,30.44,0.0925638797414318,0.1591430031128959
2017-05-26 13:36:10,665,30.24,0.0889000391246246,0.1578385557228487
2017-05-26 13:38:10,666,30.31,0.0897592160700554,0.1588440140290364
2017-05-26 13:40:10,667,30.17,0.0901879002037747,0.1590460385743995
2017-05-26 13:42:10,668,30.3,0.0928482068123877,0.1586721887401396
2017-05-26 13:44:10,669,30.17,0.0922961694842713,0.1599699572193658
2017-05-26 13:46:10,670,30.24,0.0909161200977092,0.1592937388235713
2017-05-26 13:48:10,671,30.24,0.0909659709549295,0.1594087662264551
2017-05-26 13:50:10,672,30.02,0.0929093915420747,0.1590977058144999
2017-05-26 13:52:10,673,30.05,0.0935249103446122,0.1610386563468745
2017-05-26 13:54:10,674,30.13,0.0938602195387975,0.1609542488000152
2017-05-26 13:56:10,675,30.06,0.091923353547479,0.1623049235426623
2017-05-26 13:58:10,676,29.96,0.0957939443759419,0.1622673988198342
2017-05-26 14:00:10,677,29.95,0.0956278859212313,0.1631765876511
2017-05-26 14:02:10,678,29.85,0.0951724519226338,0.1639739747756621
2017-05-26 14:04:10,679,29.78,0.0956432146011186,0.1647810723723835
2017-05-26 14:06:10,680,29.9,0.0950159528119392,0.1641623492931705
2017-05-26 14:08:10,681,29.75,0.0976815345820474,0.1658253312396431
